{"cameraMode":{"drawMode":0,"name":"Shaded","section":"Shading Mode"},"sceneLighting":false,"audioPlay":false,"sceneViewState":{"m_AlwaysRefresh":false,"showFog":true,"showSkybox":false,"showFlares":true,"showImageEffects":true,"showParticleSystems":true,"showVisualEffectGraphs":true,"m_FxEnabled":true},"in2DMode":false,"pivot":{"x":0.5324151515960693,"y":-0.19256502389907838,"z":1.9844563007354737},"rotation":{"x":0.5062453150749207,"y":-0.0025859910529106857,"z":0.0015180689515545965,"w":0.8623843789100647},"size":4.3220624923706059,"orthographic":false}