{"cameraMode":{"drawMode":0,"name":"Shaded","section":"Shading Mode"},"sceneLighting":false,"audioPlay":false,"sceneViewState":{"m_AlwaysRefresh":false,"showFog":true,"showSkybox":false,"showFlares":true,"showImageEffects":true,"showParticleSystems":true,"showVisualEffectGraphs":true,"m_FxEnabled":true},"in2DMode":false,"pivot":{"x":7.98897123336792,"y":-0.005475044250488281,"z":0.9721109867095947},"rotation":{"x":0.3098144829273224,"y":-0.0037062878254801037,"z":0.001207841793075204,"w":0.9507901668548584},"size":4.372603893280029,"orthographic":false}