{"cameraMode":{"drawMode":0,"name":"Shaded","section":"Shading Mode"},"sceneLighting":false,"audioPlay":false,"sceneViewState":{"m_AlwaysRefresh":false,"showFog":true,"showSkybox":false,"showFlares":true,"showImageEffects":true,"showParticleSystems":true,"showVisualEffectGraphs":true,"m_FxEnabled":true},"in2DMode":false,"pivot":{"x":6.564486026763916,"y":8.772238731384278,"z":-4.468621730804443},"rotation":{"x":0.4751233458518982,"y":-0.000004827045358979376,"z":0.0000023613868052052568,"w":0.8799192309379578},"size":2.8830957412719728,"orthographic":false}