{"cameraMode":{"drawMode":0,"name":"Shaded","section":"Shading Mode"},"sceneLighting":false,"audioPlay":false,"sceneViewState":{"m_AlwaysRefresh":false,"showFog":true,"showSkybox":false,"showFlares":true,"showImageEffects":true,"showParticleSystems":true,"showVisualEffectGraphs":true,"m_FxEnabled":true},"in2DMode":false,"pivot":{"x":-0.764615535736084,"y":2.799999713897705,"z":3.09830641746521},"rotation":{"x":0.4751233458518982,"y":-0.000004827045358979376,"z":0.0000023613868052052568,"w":0.8799192309379578},"size":2.7548329830169679,"orthographic":false}